Store,Date,Weekly_Sales,Order_Count,Avg_Profit,Late_Risk,Avg_Shipping
Canada,2016-08-28,5694.4001332299995,28,33.91999948989286,0.4642857142857143,3.0357142857142856
Canada,2016-09-04,10563.76018192,55,32.546545730090905,0.36363636363636365,3.3636363636363638
Canada,2016-09-11,6291.14009084,40,-5.836499445525001,0.725,3.0
Canada,2016-09-18,6103.38010782,31,13.075161198161288,0.41935483870967744,3.3225806451612905
Canada,2016-09-25,10088.62022024,60,5.863166255033334,0.5333333333333333,2.85
Canada,2016-10-02,7793.87014924,45,23.0193335964,0.5777777777777777,3.422222222222222
Canada,2016-10-09,13628.10028876,73,26.59452015173973,0.4657534246575342,3.287671232876712
Canada,2016-10-16,3469.4800415,15,-45.18400051733333,0.06666666666666667,2.8
Canada,2016-10-23,6263.24009696,38,31.001315094421056,0.34210526315789475,2.736842105263158
Canada,2016-10-30,819.8600159,4,-53.1675005075,0.0,3.0
Canada,2016-11-06,16332.24031488,77,35.10480540564935,0.4935064935064935,3.5064935064935066
Canada,2016-11-13,10334.89018081,46,25.163478477891303,0.6521739130434783,3.347826086956522
Canada,2016-11-20,8295.9101488,40,45.503999878475,0.625,4.0
Canada,2016-11-27,13858.27023718,66,22.21469681659091,0.6212121212121212,4.015151515151516
Canada,2016-12-04,9364.05018256,43,41.58511641360465,0.46511627906976744,3.255813953488372
Canada,2016-12-11,10360.75021772,54,7.239259583685185,0.5740740740740741,2.7037037037037037
Canada,2016-12-18,8265.77019496,45,22.995555327244443,0.3111111111111111,3.888888888888889
Canada,2016-12-25,7195.11012467,34,40.56294105891177,0.3235294117647059,3.764705882352941
Canada,2017-01-01,10044.94016654,53,31.577924759169814,0.6792452830188679,3.452830188679245
Canada,2017-01-08,10718.65023247,56,43.65464316898214,0.2857142857142857,3.0535714285714284
Canada,2017-01-15,10674.65022477,54,22.928332814018518,0.46296296296296297,3.388888888888889
Canada,2017-01-22,699.960022,2,137.98999785,0.0,2.0
Caribbean,2015-01-04,27354.44045676,148,24.50391866204054,0.5202702702702703,3.9324324324324325
Caribbean,2015-01-11,25963.96050301,134,21.11626855047015,0.5074626865671642,3.8582089552238807
Caribbean,2015-01-18,51797.80081224,271,24.389298774335796,0.5571955719557196,3.4059040590405902
Caribbean,2015-01-25,34476.38066298,177,11.085988841451977,0.480225988700565,3.8813559322033897
Caribbean,2015-02-01,28911.540626900998,153,10.033137499359476,0.6078431372549019,3.5163398692810457
Caribbean,2015-02-08,48243.10086142,248,12.783024210064516,0.6169354838709677,3.818548387096774
Caribbean,2015-02-15,46905.90096705,234,19.317563735209404,0.6282051282051282,3.1880341880341883
Caribbean,2015-02-22,41732.13076659,211,12.255971744966825,0.4597156398104265,3.4881516587677726
Caribbean,2015-03-01,53105.16099364,268,13.777052195716417,0.6082089552238806,3.4440298507462686
Caribbean,2015-03-08,47993.85091633,250,16.142119943032,0.628,3.328
Caribbean,2015-03-15,42503.46088289,209,17.3936842480622,0.5167464114832536,3.5789473684210527
Caribbean,2015-03-22,39732.28076416,197,23.77553300191878,0.45685279187817257,3.66497461928934
Caribbean,2015-03-29,36766.81077278,188,18.245106399159575,0.6542553191489362,3.5638297872340425
Caribbean,2015-04-05,34211.26071518,177,25.14757062439548,0.4463276836158192,3.768361581920904
Caribbean,2015-04-12,27181.76052866,145,28.35765489192414,0.496551724137931,3.213793103448276
Caribbean,2015-04-19,38162.230739821,184,33.24369557192935,0.41847826086956524,3.4565217391304346
Caribbean,2015-04-26,36655.56065243,185,22.644702788994593,0.5783783783783784,3.437837837837838
Caribbean,2015-05-03,30981.76069109,157,15.636178262184712,0.5477707006369427,3.694267515923567
Caribbean,2015-05-10,37298.9506972,188,29.319308448510636,0.5851063829787234,3.5691489361702127
Caribbean,2015-05-17,57737.20114955,284,22.327675837309858,0.40492957746478875,3.1514084507042255
Caribbean,2015-05-24,35610.18069695,172,12.133081335482556,0.6046511627906976,3.5813953488372094
Caribbean,2015-05-31,7176.35017408,33,35.88606035430303,0.6666666666666666,3.909090909090909
Caribbean,2017-01-22,26747.31056446,141,12.778652746276597,0.3900709219858156,3.6666666666666665
Caribbean,2017-01-29,31361.18061854,161,24.346087149372668,0.5093167701863354,3.3354037267080745
Caribbean,2017-02-05,57752.66116604,274,30.937116834087593,0.5109489051094891,3.624087591240876
Caribbean,2017-02-12,32897.7606318,163,25.640552247116567,0.5276073619631901,3.607361963190184
Caribbean,2017-02-19,29660.19054853,153,34.78888868152941,0.7058823529411765,3.7320261437908497
Caribbean,2017-02-26,47319.87079298,238,23.146932537176472,0.4957983193277311,3.5
Caribbean,2017-03-05,40520.730807,207,27.686425183318843,0.5120772946859904,3.4154589371980677
Caribbean,2017-03-12,49676.750944551,258,14.527906959620154,0.4844961240310077,3.503875968992248
Caribbean,2017-03-19,45496.49099231,232,11.456853228689656,0.5775862068965517,3.1293103448275863
Caribbean,2017-03-26,34427.81069027,176,24.659943353295454,0.6363636363636364,3.471590909090909
Caribbean,2017-04-02,36517.90073639,178,27.832584462404494,0.3539325842696629,3.4101123595505616
Caribbean,2017-04-09,44127.28088169,221,8.560090848076923,0.5565610859728507,3.416289592760181
Caribbean,2017-04-16,35799.25071551,185,22.51794615755135,0.5837837837837838,3.437837837837838
Caribbean,2017-04-23,40211.73077818,208,22.28519239835096,0.5288461538461539,3.543269230769231
Caribbean,2017-04-30,34712.29069182,159,12.072893158597484,0.5911949685534591,3.880503144654088
Caribbean,2017-05-07,41447.64094974,194,26.28994837430928,0.6134020618556701,3.3711340206185567
Caribbean,2017-05-14,36933.210751239996,182,14.089725488263737,0.5769230769230769,3.6648351648351647
Caribbean,2017-05-21,29470.79059289,164,23.155670973597562,0.5670731707317073,3.182926829268293
Caribbean,2017-05-28,39670.3107539,204,21.449313815068628,0.45098039215686275,3.446078431372549
Caribbean,2017-06-04,53552.70099666,261,21.366360031356322,0.4061302681992337,3.524904214559387
Caribbean,2017-06-11,30963.54060038,141,30.35461011319858,0.36879432624113473,3.4113475177304964
Caribbean,2017-06-18,1249.8500213,5,22.635998534000002,0.0,4.0
Central Africa,2016-08-28,3984.44007877,23,0.27565300852173974,0.4782608695652174,3.1739130434782608
Central Africa,2016-09-04,9555.67020798,52,23.308076644942307,0.5576923076923077,3.7884615384615383
Central Africa,2016-09-11,16969.97036569,91,20.72988985934066,0.6153846153846154,3.7142857142857144
Central Africa,2016-09-18,24289.58041975,127,23.105196649385828,0.5826771653543307,3.7401574803149606
Central Africa,2016-09-25,13899.690302179999,73,-3.2234252710821907,0.726027397260274,3.5753424657534247
Central Africa,2016-10-02,11657.57020015,57,27.856140477877194,0.7543859649122807,3.8947368421052633
Central Africa,2016-10-09,17447.79032164,88,22.827272742897726,0.4431818181818182,3.3068181818181817
Central Africa,2016-10-16,14266.1502265,80,8.4843751872125,0.55,3.5
Central Africa,2016-10-23,19467.940409169998,108,11.919629556425924,0.6296296296296297,3.2685185185185186
Central Africa,2016-10-30,12926.6603051,59,17.62796630559322,0.6271186440677966,3.23728813559322
Central Africa,2016-11-06,12258.61027542,60,44.251167004950005,0.4666666666666667,3.8333333333333335
Central Africa,2016-11-13,31279.29054111,160,30.4392499670875,0.58125,3.6625
Central Africa,2016-11-20,13690.31026448,72,15.098749819791667,0.6944444444444444,3.888888888888889
Central Africa,2016-11-27,15718.05023422,72,32.146666496749994,0.4027777777777778,3.6944444444444446
Central Africa,2016-12-04,20965.78044331,106,12.447452914141508,0.6415094339622641,3.481132075471698
Central Africa,2016-12-11,14873.29026245,79,8.863671083556964,0.4050632911392405,3.6455696202531644
Central Africa,2016-12-18,19113.05035605,96,38.47385459185417,0.7395833333333334,3.4479166666666665
Central Africa,2016-12-25,8426.30014822,45,43.42155520946666,0.6666666666666666,3.9555555555555557
Central Africa,2017-01-01,19414.74044639,86,12.060348959499997,0.43023255813953487,3.244186046511628
Central Africa,2017-01-08,9777.77018533,51,12.87490171290196,0.6470588235294118,3.549019607843137
Central Africa,2017-01-15,17280.36039975,92,8.182282423010868,0.5108695652173914,3.282608695652174
Central America,2015-01-04,70528.721306881,357,22.068319499557422,0.5434173669467787,3.4089635854341735
Central America,2015-01-11,131421.66258914,653,15.54316991766003,0.5666156202143952,3.4241960183767226
Central America,2015-01-18,112084.94221112,573,19.067399539500872,0.5095986038394416,3.568935427574171
Central America,2015-01-25,136297.71279401,672,23.61174112072619,0.5461309523809523,3.5550595238095237
Central America,2015-02-01,124698.612341571,637,23.44621680497645,0.5918367346938775,3.511773940345369
Central America,2015-02-08,125493.79253307999,664,27.67194280730271,0.5256024096385542,3.5903614457831323
Central America,2015-02-15,112088.38232134,566,15.512385336166076,0.5936395759717314,3.404593639575972
Central America,2015-02-22,124447.62232498999,607,21.953706739920925,0.4942339373970346,3.411861614497529
Central America,2015-03-01,130475.08252703,637,25.328320412296705,0.5588697017268446,3.4175824175824174
Central America,2015-03-08,126506.33253447,667,15.087676281931035,0.5337331334332833,3.451274362818591
Central America,2015-03-15,140166.48260425,695,16.51686344604604,0.5726618705035971,3.664748201438849
Central America,2015-03-22,120947.82232858,617,24.36489478298379,0.5040518638573744,3.461912479740681
Central America,2015-03-29,136511.292567542,707,25.080933407867043,0.5473833097595474,3.350777934936351
Central America,2015-04-05,148771.322990141,747,21.231633110630522,0.48460508701472554,3.6198125836680055
Central America,2015-04-12,163596.80330476,817,18.866425952898407,0.5397796817625459,3.3684210526315788
Central America,2015-04-19,158327.20297824,799,19.131026293312893,0.5594493116395495,3.585732165206508
Central America,2015-04-26,125942.78238442,634,24.716766510973184,0.5141955835962145,3.6561514195583595
Central America,2015-05-03,146629.34297812,714,26.19137243295238,0.5980392156862745,3.504201680672269
Central America,2015-05-10,116916.39219183,613,16.069282412104403,0.5464926590538336,3.499184339314845
Central America,2015-05-17,121585.0423497,639,16.886165782616587,0.539906103286385,3.566510172143975
Central America,2015-05-24,132822.61251174,687,17.01183391944396,0.5953420669577875,3.3158660844250365
Central America,2015-05-31,48289.51093915,255,27.892862687737253,0.6196078431372549,3.207843137254902
Central America,2017-01-22,77103.90151332,384,21.617525980372395,0.5729166666666666,3.5026041666666665
Central America,2017-01-29,137787.04256203,709,20.844908329310297,0.5162200282087447,3.6544428772919604
Central America,2017-02-05,131484.21254238999,630,24.454111083271428,0.6047619047619047,3.526984126984127
Central America,2017-02-12,136013.20265549,668,29.051721583137724,0.5598802395209581,3.5973053892215567
Central America,2017-02-19,128598.8225237,623,21.239582870975923,0.5585874799357945,3.4269662921348316
Central America,2017-02-26,151797.94293899,757,18.09483497444782,0.5336856010568032,3.5772787318361954
Central America,2017-03-05,116556.262474841,592,25.5052534035625,0.5793918918918919,3.481418918918919
Central America,2017-03-12,122289.27249622,610,20.619737683560658,0.5655737704918032,3.444262295081967
Central America,2017-03-19,136201.35277532,680,23.570235450620586,0.4808823529411765,3.760294117647059
Central America,2017-03-26,139687.10294485,710,24.248478904247886,0.5605633802816902,3.535211267605634
Central America,2017-04-02,150485.16297926,786,21.154045779749364,0.5521628498727735,3.464376590330789
Central America,2017-04-09,130592.12261545,681,21.72640236433627,0.5462555066079295,3.6519823788546257
Central America,2017-04-16,136048.552684421,692,15.062658924276011,0.5260115606936416,3.5115606936416186
Central America,2017-04-23,152969.99311576,739,27.91512865622869,0.5385656292286874,3.395128552097429
Central America,2017-04-30,163764.56317737,799,24.0667583819612,0.55819774718398,3.7146433041301625
Central America,2017-05-07,169883.70335202,830,21.610650604090363,0.5710843373493976,3.5867469879518072
Central America,2017-05-14,134674.40260456,650,20.646000085826156,0.4876923076923077,3.3584615384615386
Central America,2017-05-21,154411.35286886,716,24.051480454372903,0.5125698324022346,3.2960893854748603
Central America,2017-05-28,127412.82238622,604,24.57450333794205,0.5778145695364238,3.55794701986755
Central America,2017-06-04,145464.55298882,691,21.811794542577424,0.5311143270622286,3.5962373371924747
Central America,2017-06-11,125202.85238846,621,24.373252746241544,0.5684380032206119,3.4074074074074074
Central America,2017-06-18,42733.430855599996,212,19.881085004816036,0.6037735849056604,3.641509433962264
Central Asia,2016-08-28,129.9900055,1,58.04000092,1.0,2.0
Central Asia,2016-09-04,6239.07010841,34,37.76794132594118,0.47058823529411764,3.235294117647059
Central Asia,2016-09-11,12567.66029951,64,3.1693749142343757,0.453125,4.078125
Central Asia,2016-09-18,3760.64008332,16,47.663750228812496,0.25,3.875
Central Asia,2016-09-25,5669.48013312,25,3.266001929200001,0.2,2.84
Central Asia,2016-10-02,2009.70002372,12,33.50999965716667,0.25,2.5833333333333335
Central Asia,2016-10-09,5189.2900811399995,29,17.44620694162069,0.6896551724137931,3.2413793103448274
Central Asia,2016-10-16,3665.5801011,19,31.785789065842106,0.47368421052631576,3.8947368421052633
Central Asia,2016-10-23,5937.3600999,24,73.420416354875,0.2916666666666667,3.5416666666666665
Central Asia,2016-10-30,11010.600238859999,55,45.173454884418184,0.509090909090909,3.1636363636363636
Central Asia,2016-11-06,5866.18008231,36,11.058055329333333,0.7777777777777778,2.5
Central Asia,2016-11-13,9422.98020192,43,33.420000116976745,0.3953488372093023,3.7906976744186047
Central Asia,2016-11-20,8946.82020188,40,40.521999958875,0.625,3.025
Central Asia,2016-11-27,1139.9300232,5,49.996000104,1.0,5.8
Central Asia,2016-12-04,2694.81004726,12,50.35999929858334,0.3333333333333333,2.4166666666666665
Central Asia,2016-12-11,3729.52009206,19,25.853158356947368,0.8421052631578947,3.6842105263157894
Central Asia,2016-12-18,2739.76006316,12,-60.380836974999994,1.0,5.25
Central Asia,2016-12-25,3184.4600523999998,17,18.27176550235294,0.8235294117647058,4.117647058823529
Central Asia,2017-01-01,4029.46006774,19,4.100527061052631,0.7894736842105263,4.0
Central Asia,2017-01-08,2112.62003716,14,-32.22000026078571,0.8571428571428571,3.2142857142857144
Central Asia,2017-01-15,8129.2701339,46,13.262391929456523,0.5652173913043478,2.9565217391304346
Central Asia,2017-01-22,1664.75001912,11,24.809999381545456,0.9090909090909091,3.090909090909091
East Africa,2016-08-28,4791.52010732,20,47.84799936695,0.7,3.3
East Africa,2016-09-04,21007.700416659998,107,19.86271065785981,0.40186915887850466,3.4953271028037385
East Africa,2016-09-11,17334.06036565,81,25.099629458037036,0.38271604938271603,3.6790123456790123
East Africa,2016-09-18,36625.970732441,171,19.509882932678362,0.5321637426900585,3.6315789473684212
East Africa,2016-09-25,10796.73019619,53,26.633395970433963,0.7169811320754716,3.150943396226415
East Africa,2016-10-02,14484.16030918,71,20.662253514478873,0.36619718309859156,3.3943661971830985
East Africa,2016-10-09,6794.3701554,38,24.91947389828947,0.7368421052631579,3.473684210526316
East Africa,2016-10-16,20338.440430221,101,22.674752508148515,0.46534653465346537,3.801980198019802
East Africa,2016-10-23,20619.28039976,104,45.32288463631731,0.625,3.0576923076923075
East Africa,2016-10-30,10566.65022103,57,34.38631619701754,0.7017543859649122,2.754385964912281
East Africa,2016-11-06,19727.95038059,87,23.6894258291954,0.5632183908045977,3.8505747126436782
East Africa,2016-11-13,12314.40022308,62,-30.625646051387097,0.5645161290322581,3.4516129032258065
East Africa,2016-11-20,29334.74053628,133,32.67165398301504,0.6015037593984962,3.789473684210526
East Africa,2016-11-27,11379.63026639,64,12.730781028421875,0.515625,3.78125
East Africa,2016-12-04,24201.10044506,124,33.850725838137095,0.6209677419354839,3.8629032258064515
East Africa,2016-12-11,24784.64034329,124,12.044435206524193,0.6290322580645161,3.5403225806451615
East Africa,2016-12-18,21140.27046003,113,29.995663350132745,0.6283185840707964,2.7787610619469025
East Africa,2016-12-25,15867.23031816,75,36.34533347876,0.6666666666666666,3.6133333333333333
East Africa,2017-01-01,15293.30030076,75,12.542266474039998,0.5733333333333334,3.72
East Africa,2017-01-08,15808.26033631,84,-1.4763093371071432,0.5595238095238095,3.619047619047619
East Africa,2017-01-15,15615.2503592,73,37.1198629749863,0.5205479452054794,3.2465753424657535
East Africa,2017-01-22,7409.240181,35,36.33742896602857,0.34285714285714286,3.8
East of USA,2016-04-03,18316.92037012,91,16.41417617212088,0.6483516483516484,3.879120879120879
East of USA,2016-04-10,78461.9615103,395,21.577367093688608,0.5468354430379747,3.5164556962025317
East of USA,2016-04-17,87105.811762921,431,21.584965117835267,0.54292343387471,3.417633410672854
East of USA,2016-04-24,71664.261366671,356,15.495786626856741,0.6095505617977528,3.561797752808989
East of USA,2016-05-01,59008.0011525,310,20.538548168312904,0.635483870967742,3.7129032258064516
East of USA,2016-05-08,63062.23123216,337,27.28682500637092,0.5786350148367952,3.5459940652818993
East of USA,2016-05-15,58995.83117163,314,18.883343827474523,0.5700636942675159,3.127388535031847
East of USA,2016-05-22,63508.28126402,317,17.193627731119875,0.5236593059936908,3.6246056782334386
East of USA,2016-05-29,58542.061211399996,316,21.016171077832276,0.6234177215189873,3.949367088607595
East of USA,2016-06-05,49420.33090067,249,17.33791162258233,0.6265060240963856,3.4096385542168677
East of USA,2016-06-12,67890.11143073,323,22.550959917123837,0.5510835913312694,3.2136222910216716
East of USA,2016-06-19,57772.73124907,289,16.359411734024224,0.5640138408304498,3.660899653979239
East of USA,2016-06-26,68449.29117858,332,23.828705002361446,0.5572289156626506,3.496987951807229
East of USA,2016-07-03,71791.3413799,363,23.7331683402011,0.5702479338842975,3.5702479338842976
East of USA,2016-07-10,68697.29132725,343,19.812798935868805,0.46938775510204084,3.60932944606414
East of USA,2016-07-17,61734.7910983,318,21.599213741185533,0.48427672955974843,3.1729559748427674
East of USA,2016-07-24,64748.78136522,332,30.474427657638554,0.4879518072289157,3.5933734939759034
East of USA,2016-07-31,55573.02116264,269,18.44628248039777,0.483271375464684,3.356877323420074
East of USA,2016-08-07,75852.04146831999,376,25.703962743393614,0.6117021276595744,3.226063829787234
East of USA,2016-08-14,54000.96113787,264,36.34768936975,0.5113636363636364,3.5681818181818183
East of USA,2016-08-21,77293.76148664,398,28.714849353859297,0.585427135678392,3.678391959798995
East of USA,2016-08-28,39222.1707901,192,28.93401028046354,0.4947916666666667,3.3177083333333335
Eastern Asia,2015-10-25,9901.45014771,55,-13.026363752145455,0.5272727272727272,3.4909090909090907
Eastern Asia,2015-11-01,78348.94155393999,403,23.509007536803974,0.6054590570719603,3.7841191066997517
Eastern Asia,2015-11-08,62932.4812551,309,26.86857607830421,0.459546925566343,3.372168284789644
Eastern Asia,2015-11-15,58908.57102085,309,17.01851148241424,0.5372168284789643,3.203883495145631
Eastern Asia,2015-11-22,53655.27101127,268,32.89682856914179,0.5671641791044776,3.764925373134328
Eastern Asia,2015-11-29,60023.731156199996,305,15.632786998390165,0.49836065573770494,3.5508196721311474
Eastern Asia,2015-12-06,60900.841233041,324,22.7855557276821,0.5123456790123457,3.7160493827160495
Eastern Asia,2015-12-13,53786.761036491,265,13.768075700830188,0.5547169811320755,3.547169811320755
Eastern Asia,2015-12-20,50134.27103888,252,31.129444528920637,0.5714285714285714,3.4206349206349205
Eastern Asia,2015-12-27,66022.40127623,332,12.461114686268072,0.5602409638554217,3.5271084337349397
Eastern Asia,2016-01-03,41278.96081816,206,30.590194197344662,0.5,3.7572815533980584
Eastern Asia,2016-01-10,40544.34079596,214,19.723271240658878,0.5046728971962616,3.364485981308411
Eastern Asia,2016-01-17,52789.091063449996,247,21.90384597677328,0.5303643724696356,3.465587044534413
Eastern Asia,2016-01-24,53506.2310857,285,6.330350932466668,0.5754385964912281,3.610526315789474
Eastern Asia,2016-01-31,62402.02119901,322,20.44791918524534,0.5248447204968945,3.357142857142857
Eastern Asia,2016-02-07,63241.87124876,320,14.01884387406875,0.540625,3.4375
Eastern Asia,2016-02-14,52039.28096983,273,8.864212719736264,0.5347985347985348,3.501831501831502
Eastern Asia,2016-02-21,57412.511193441,289,17.09349495704152,0.5121107266435986,3.4844290657439445
Eastern Asia,2016-02-28,61319.27121967,317,23.129495316217668,0.5899053627760252,3.6813880126182967
Eastern Asia,2016-03-06,39639.04074335,202,21.60584143910891,0.4603960396039604,3.405940594059406
Eastern Asia,2016-03-13,49121.66101311,257,21.654903127533075,0.5797665369649806,3.217898832684825
Eastern Asia,2016-03-20,27184.91052677,133,6.9120299319022545,0.5939849624060151,4.105263157894737
Eastern Asia,2016-09-11,2049.7300339,10,-0.7509988810000003,0.8,5.2
Eastern Asia,2016-10-02,819.9000091,5,67.57599945199999,0.0,4.0
Eastern Asia,2016-10-09,1019.79001234,6,-28.838330913333337,1.0,4.166666666666667
Eastern Asia,2016-10-30,2429.75004964,12,-1.5533336704166665,0.75,4.333333333333333
Eastern Asia,2016-11-20,1074.84002308,5,-111.28599476919999,1.0,4.0
Eastern Asia,2016-11-27,150.0,1,34.65000153,0.0,4.0
Eastern Asia,2016-12-04,5185.45013422,23,5.0295653338260875,0.782608695652174,2.9130434782608696
Eastern Asia,2016-12-11,599.90000912,5,0.9999998562000002,0.0,3.0
Eastern Asia,2017-01-15,404.88999552,4,6.4474992735,1.0,6.0
Eastern Asia,2017-01-22,1219.7500229,6,-46.88166577416666,0.0,0.0
Eastern Asia,2017-11-12,4109.5001225,25,20.481199837640002,0.4,3.64
Eastern Asia,2017-11-19,77666.1624762,156,40.54134678747436,0.5769230769230769,3.551282051282051
Eastern Asia,2017-11-26,29749.8503705,117,11.961110846871795,0.48717948717948717,3.452991452991453
Eastern Asia,2017-12-03,21392.1999058,124,30.67790312755645,0.5806451612903226,3.532258064516129
Eastern Asia,2017-12-10,3558.26999748,98,4.673163268653061,0.5510204081632653,3.6020408163265305
Eastern Asia,2017-12-17,14958.86044923,114,18.007280909114037,0.5087719298245614,3.2982456140350878
Eastern Asia,2017-12-24,58293.19019018,117,110.28435792111966,0.5128205128205128,3.6837606837606836
Eastern Asia,2017-12-31,37974.8409135,108,28.917870192824076,0.6111111111111112,3.574074074074074
Eastern Asia,2018-01-07,29048.35040969,101,16.188019589811883,0.504950495049505,3.0495049504950495
Eastern Asia,2018-01-14,22270.01007095,126,4.987619112888889,0.6111111111111112,3.4365079365079363
Eastern Asia,2018-01-21,2867.11999888,92,0.26076084368478275,0.5217391304347826,3.9130434782608696
Eastern Asia,2018-01-28,7127.1901241,104,11.68403867310577,0.6153846153846154,3.605769230769231
Eastern Asia,2018-02-04,7337.880248199999,34,15.94823548385294,0.5882352941176471,3.588235294117647
Eastern Europe,2016-08-28,10533.87022788,53,13.980943267471698,0.33962264150943394,3.547169811320755
Eastern Europe,2016-09-04,33526.61064544,162,9.72419778971605,0.6111111111111112,3.746913580246914
Eastern Europe,2016-09-11,32463.9906753,177,26.11141239699435,0.6666666666666666,3.5762711864406778
Eastern Europe,2016-09-18,29805.05058672,163,11.632637774717791,0.48466257668711654,3.1226993865030677
Eastern Europe,2016-09-25,35783.9706536,188,27.553936055042552,0.6276595744680851,3.117021276595745
Eastern Europe,2016-10-02,41820.11079615,212,29.814528525726413,0.5754716981132075,3.80188679245283
Eastern Europe,2016-10-09,32998.4407331,154,10.666753165818182,0.7012987012987013,3.7012987012987013
Eastern Europe,2016-10-16,41440.98080905,215,21.872093059925582,0.5116279069767442,3.609302325581395
Eastern Europe,2016-10-23,42916.97078961,208,28.74355738329327,0.625,3.610576923076923
Eastern Europe,2016-10-30,36867.45066281,192,18.572343492505208,0.4739583333333333,3.7239583333333335
Eastern Europe,2016-11-06,40926.36086116,213,16.133427369070425,0.5915492957746479,3.732394366197183
Eastern Europe,2016-11-13,39232.46074741,203,19.164680009093594,0.5320197044334976,3.3694581280788176
Eastern Europe,2016-11-20,49437.55103883,249,18.564658908943773,0.5502008032128514,3.1887550200803214
Eastern Europe,2016-11-27,37595.63068835,179,11.387262307860334,0.5418994413407822,3.776536312849162
Eastern Europe,2016-12-04,49378.79084832,249,28.728152622168672,0.5542168674698795,3.3775100401606424
Eastern Europe,2016-12-11,43420.73076688,219,16.46799064872146,0.4977168949771689,3.4748858447488584
Eastern Europe,2016-12-18,25781.65058536,137,10.859634713729927,0.46715328467153283,3.0583941605839415
Eastern Europe,2016-12-25,26133.50054395,134,24.12679104375373,0.5074626865671642,3.216417910447761
Eastern Europe,2017-01-01,33711.90069239,167,19.984131577502996,0.5089820359281437,3.281437125748503
Eastern Europe,2017-01-08,38049.66077267,193,33.751761867782385,0.5129533678756477,3.6891191709844557
Eastern Europe,2017-01-15,32508.72057217,159,8.692641790805032,0.6477987421383647,3.547169811320755
Eastern Europe,2017-01-22,19932.16037783,94,29.685637913031915,0.5851063829787234,3.797872340425532
North Africa,2016-08-28,19100.79042282,97,13.131340133927836,0.5773195876288659,3.5670103092783507
North Africa,2016-09-04,32124.39064459,167,15.093473270095807,0.47305389221556887,3.3832335329341316
North Africa,2016-09-11,35954.82071882,183,32.016338801907104,0.546448087431694,3.459016393442623
North Africa,2016-09-18,32582.3206334,164,18.40615859471951,0.6158536585365854,3.4878048780487805
North Africa,2016-09-25,28777.7006074,158,15.38632878329114,0.6455696202531646,3.4746835443037973
North Africa,2016-10-02,33064.030599749996,163,13.222454161650308,0.37423312883435583,3.5337423312883436
North Africa,2016-10-09,19971.33042935,104,4.738365371423076,0.4807692307692308,3.3076923076923075
North Africa,2016-10-16,33633.55061599,184,25.300760821630433,0.41304347826086957,3.625
North Africa,2016-10-23,36678.27080398,180,7.8049447456,0.45555555555555555,3.7777777777777777
North Africa,2016-10-30,27200.10054605,139,21.419928131208632,0.5611510791366906,3.2446043165467624
North Africa,2016-11-06,50212.12102705,247,22.477530311882592,0.5789473684210527,3.5991902834008096
North Africa,2016-11-13,24591.31041382,136,21.212720347904412,0.5220588235294118,3.6911764705882355
North Africa,2016-11-20,25152.99050344,128,19.624297023265626,0.5390625,2.640625
North Africa,2016-11-27,28879.67060661,143,25.54937031795804,0.6083916083916084,3.090909090909091
North Africa,2016-12-04,33529.59070228,169,12.321123922556215,0.6449704142011834,3.698224852071006
North Africa,2016-12-11,24534.690452641,125,19.366320118968,0.616,3.16
North Africa,2016-12-18,24624.52049101,126,23.747698261992063,0.5714285714285714,3.4365079365079363
North Africa,2016-12-25,28853.13048223,149,30.626510714946306,0.5906040268456376,3.0671140939597317
North Africa,2017-01-01,28589.73052059,143,6.724405624916083,0.6013986013986014,3.734265734265734
North Africa,2017-01-08,32994.05066714,161,40.99242232631056,0.5341614906832298,3.8447204968944098
North Africa,2017-01-15,24514.05051439,126,26.55492058690476,0.5555555555555556,3.984126984126984
North Africa,2017-01-22,9189.06018462,40,6.073999555500002,0.475,3.25
Northern Europe,2015-05-31,6738.94009613,35,40.74171396937143,0.5428571428571428,3.4285714285714284
Northern Europe,2015-06-07,38896.390736299996,192,24.4980730614375,0.46875,3.7864583333333335
Northern Europe,2015-06-14,44967.81085425,230,21.840043636943477,0.5565217391304348,3.382608695652174
Northern Europe,2015-06-21,54989.11106908,291,19.373127349467353,0.584192439862543,3.5395189003436425
Northern Europe,2015-06-28,40635.29071476,196,33.864336944239795,0.5051020408163265,3.392857142857143
Northern Europe,2015-07-05,56824.2611126,283,21.46544155777032,0.568904593639576,3.409893992932862
Northern Europe,2015-07-12,43369.51084014,221,21.96276002720362,0.4434389140271493,3.3936651583710407
Northern Europe,2015-07-19,64504.01139919,319,29.125548389742946,0.5141065830721003,3.4921630094043885
Northern Europe,2015-07-26,45926.010828059996,243,17.724526605004115,0.4567901234567901,3.4156378600823047
Northern Europe,2015-08-02,61141.52129255,295,20.877830535891526,0.5796610169491525,3.457627118644068
Northern Europe,2015-08-09,43676.52083822,222,24.413964089490992,0.4144144144144144,3.2837837837837838
Northern Europe,2015-08-16,65710.221470531,320,17.21450001765,0.58125,3.265625
Northern Europe,2015-08-23,52546.42101004,242,25.379586931607438,0.6157024793388429,3.425619834710744
Northern Europe,2015-08-30,54351.680981749996,288,16.47725695626389,0.6076388888888888,3.3819444444444446
Northern Europe,2015-09-06,45040.810932591,226,15.147787536194691,0.6991150442477876,3.6283185840707963
Northern Europe,2015-09-13,43036.74076512,217,27.19811053165438,0.4423963133640553,3.2672811059907834
Northern Europe,2015-09-20,45635.32086642,238,26.142352756953784,0.6218487394957983,3.9411764705882355
Northern Europe,2015-09-27,44578.61085949,230,29.715174070265217,0.5260869565217391,3.6478260869565218
Northern Europe,2015-10-04,53591.47105104,271,18.163136726343176,0.6457564575645757,3.4944649446494465
Northern Europe,2015-10-11,51602.031076549996,246,25.983618081930892,0.45121951219512196,3.7601626016260163
Northern Europe,2015-10-18,48414.59093569,239,4.10912173430544,0.5523012552301255,3.0209205020920504
Northern Europe,2015-10-25,44808.26078627,226,24.280752349690264,0.5309734513274337,3.725663716814159
Northern Europe,2016-08-28,249.9600067,2,33.52000046,1.0,2.0
Northern Europe,2016-09-04,1109.8200187799998,5,-16.412000272800004,0.0,2.4
Northern Europe,2016-09-18,229.9900055,2,-40.059998987,1.0,6.0
Northern Europe,2016-09-25,3069.58005534,16,28.038750231687498,0.1875,1.5625
Northern Europe,2016-10-09,3984.41004556,25,36.14279979068,0.8,1.8
Northern Europe,2016-10-16,737.91001894,5,47.5399993818,1.0,2.0
Northern Europe,2016-10-30,1749.82004168,10,24.7490004546,1.0,5.5
Northern Europe,2016-11-06,1119.93003468,6,-43.139998747,1.0,5.833333333333333
Northern Europe,2016-11-27,749.9300232,3,80.72000150999999,1.0,6.0
Northern Europe,2016-12-04,2249.7900600899998,13,4.663077470076923,0.6923076923076923,4.3076923076923075
Northern Europe,2016-12-11,554.8800125299999,4,6.2675003262499995,1.0,4.0
Northern Europe,2016-12-18,599.94001388,5,34.966000366,0.0,2.6
Northern Europe,2016-12-25,2355.780056,12,13.276667148499998,0.8333333333333334,3.4166666666666665
Northern Europe,2017-01-08,2209.74005896,12,46.64916594666666,0.6666666666666666,1.5
Northern Europe,2017-01-15,7843.99017344,38,12.438947768263157,0.4473684210526316,4.2105263157894735
Northern Europe,2017-01-22,739.8899994,4,-92.639996649,0.75,2.5
Northern Europe,2017-06-18,7686.21014796,41,27.917560924414634,0.4634146341463415,4.170731707317073
Northern Europe,2017-06-25,45460.4109467,217,15.305391922170507,0.48847926267281105,3.3502304147465436
Northern Europe,2017-07-02,49860.82088158,236,7.456949123457627,0.5296610169491526,3.6228813559322033
Northern Europe,2017-07-09,63761.00121796,287,14.306550563243901,0.5505226480836237,3.5853658536585367
Northern Europe,2017-07-16,48284.79098959,226,14.566504331995576,0.48672566371681414,3.6106194690265485
Northern Europe,2017-07-23,54243.12101446,272,26.39091947192647,0.5441176470588235,3.198529411764706
Northern Europe,2017-07-30,37774.710713219996,186,22.431827966543008,0.45161290322580644,3.4193548387096775
Northern Europe,2017-08-06,59028.001126049996,282,21.278581410322694,0.5212765957446809,3.7588652482269502
Northern Europe,2017-08-13,53393.02103108,254,28.165590643925196,0.484251968503937,3.263779527559055
Northern Europe,2017-08-20,55320.58108603,244,24.434876934040986,0.5778688524590164,3.401639344262295
Northern Europe,2017-08-27,51463.67095702,248,32.865323002213714,0.6169354838709677,3.754032258064516
Northern Europe,2017-09-03,59157.4410716,285,26.350806909908773,0.5508771929824562,3.9614035087719297
Northern Europe,2017-09-10,48072.53089634,235,17.156255441693617,0.5191489361702127,3.374468085106383
Northern Europe,2017-09-17,66574.0209462,314,33.165573278085986,0.5382165605095541,3.6656050955414012
Northern Europe,2017-09-24,53285.460812,223,32.47551594359641,0.5964125560538116,3.7757847533632285
Northern Europe,2017-10-01,53626.06056866,211,23.27004726356398,0.46445497630331756,3.5308056872037916
Northern Europe,2017-10-08,7569.40003151,105,-28.750095050447623,0.580952380952381,3.342857142857143
Northern Europe,2017-10-15,38502.43072222,92,65.87097813896739,0.5543478260869565,3.0652173913043477
Northern Europe,2017-10-22,44932.080808,112,38.02598168291964,0.5535714285714286,3.544642857142857
Northern Europe,2017-10-29,107284.000244,102,120.62274554394118,0.5784313725490197,3.5686274509803924
Northern Europe,2017-11-05,46005.6806044,98,77.46826620438776,0.40816326530612246,3.2346938775510203
Northern Europe,2017-11-12,24004.3006301,90,11.1500003969,0.5555555555555556,3.577777777777778
Oceania,2015-10-25,17594.6502956,89,30.20325875583146,0.6853932584269663,4.179775280898877
Oceania,2015-11-01,56591.71111747,281,9.66551593546975,0.3736654804270463,3.2348754448398576
Oceania,2015-11-08,65198.611426061,329,32.118084996875375,0.6048632218844985,3.5623100303951367
Oceania,2015-11-15,63349.12119742,329,8.500911870103343,0.5106382978723404,3.6808510638297873
Oceania,2015-11-22,52169.560955821,278,17.938057481287768,0.38489208633093525,3.2949640287769784
Oceania,2015-11-29,53800.57116002,269,26.40286237698885,0.5762081784386617,3.5353159851301115
Oceania,2015-12-06,52234.20106908,262,20.97194677593893,0.5229007633587787,3.1259541984732824
Oceania,2015-12-13,58191.49117752,277,29.381155095223825,0.5090252707581228,3.472924187725632
Oceania,2015-12-20,57822.14110979,301,13.768936549717608,0.5083056478405316,3.3754152823920265
Oceania,2015-12-27,72849.91145028,374,22.620133957882356,0.5775401069518716,3.4331550802139037
Oceania,2016-01-03,61649.63109618,322,15.926583704996894,0.5559006211180124,3.5869565217391304
Oceania,2016-01-10,69205.82117136099,342,23.992661042704675,0.564327485380117,3.2514619883040936
Oceania,2016-01-17,50350.87089254,256,27.235390503726563,0.5546875,3.2265625
Oceania,2016-01-24,51674.3310283,258,20.823876046903102,0.5387596899224806,3.368217054263566
Oceania,2016-01-31,64575.59131109,318,7.083805472176101,0.5094339622641509,3.550314465408805
Oceania,2016-02-07,50799.59103298,251,14.011434830318725,0.545816733067729,3.8804780876494025
Oceania,2016-02-14,61486.56113304,314,28.346783363216563,0.49044585987261147,3.729299363057325
Oceania,2016-02-21,55612.58115582,278,16.98125915679856,0.5287769784172662,3.564748201438849
Oceania,2016-02-28,52034.09109564,266,16.652932467,0.5714285714285714,3.789473684210526
Oceania,2016-03-06,62833.68127902,324,16.97154359386728,0.5895061728395061,3.345679012345679
Oceania,2016-03-13,45274.42095245,228,12.00815792627193,0.5877192982456141,3.710526315789474
Oceania,2016-03-20,150429.423181161,759,14.253333472555994,0.5191040843214756,3.678524374176548
Oceania,2016-03-27,229411.57471918,1178,22.196867652367573,0.530560271646859,3.4439728353140917
Oceania,2016-04-03,165239.07335728,829,24.216996258195415,0.6019300361881785,3.5126658624849214
Oceania,2017-11-12,7397.1002204999995,45,21.083111316666667,0.6222222222222222,3.6444444444444444
Oceania,2017-11-19,54890.1617434,116,27.674655206827588,0.5172413793103449,3.456896551724138
Oceania,2017-11-26,30944.140227300002,127,27.386928862897637,0.5511811023622047,3.7007874015748032
Oceania,2017-12-03,23472.3498845,139,23.715827420899277,0.5971223021582733,3.3453237410071943
Oceania,2017-12-10,5406.02999772,104,8.696442291221153,0.5384615384615384,3.298076923076923
Oceania,2017-12-17,18259.77057452,123,17.211788549365856,0.5772357723577236,3.292682926829268
Oceania,2017-12-24,28157.92021164,110,-6.811454644418183,0.509090909090909,3.290909090909091
Oceania,2017-12-31,38348.1209125,119,39.47840347833614,0.44537815126050423,3.722689075630252
Oceania,2018-01-07,36951.18060186,117,58.01384581134188,0.6324786324786325,3.452991452991453
Oceania,2018-01-14,24156.65007989,142,10.790633963429578,0.5845070422535211,3.352112676056338
Oceania,2018-01-21,3018.41999808,110,2.3310000150090913,0.6,3.581818181818182
Oceania,2018-01-28,15089.8504015,136,13.862647166933824,0.5294117647058824,3.3455882352941178
Oceania,2018-02-04,10183.2903431,48,25.82979081377083,0.4166666666666667,3.3541666666666665
South America,2015-01-04,36828.82081858,187,27.9088234402139,0.47593582887700536,3.802139037433155
South America,2015-01-11,74814.34156684,376,26.50151633325532,0.4654255319148936,3.752659574468085
South America,2015-01-18,74186.23139648,364,20.304587846285717,0.6126373626373627,3.467032967032967
South America,2015-01-25,70774.21117071,356,15.328763969606742,0.550561797752809,3.412921348314607
South America,2015-02-01,84930.45165762,445,25.745797824166296,0.4898876404494382,3.4561797752808987
South America,2015-02-08,53259.831186951,281,27.593202759405695,0.5800711743772242,3.6156583629893237
South America,2015-02-15,69227.15136561,351,18.357806415529915,0.5185185185185185,3.6125356125356127
South America,2015-02-22,71226.50125005,370,27.47310799395676,0.581081081081081,3.5405405405405403
South America,2015-03-01,55554.58105673,309,14.543430497249192,0.5210355987055016,3.6375404530744335
South America,2015-03-08,67380.13123586,339,21.16557546894985,0.5368731563421829,3.365781710914454
South America,2015-03-15,51976.31112203,269,24.123159984691448,0.6059479553903345,3.609665427509294
South America,2015-03-22,69310.811287431,356,25.787471869533707,0.5589887640449438,3.497191011235955
South America,2015-03-29,55535.2409879,283,25.109434557565372,0.5406360424028268,3.2614840989399294
South America,2015-04-05,62754.8712605,324,17.6422222779321,0.5185185185185185,3.6728395061728394
South America,2015-04-12,54298.18101924,267,17.536928979550563,0.6479400749063671,3.588014981273408
South America,2015-04-19,46710.720936671,245,17.711959301808164,0.5591836734693878,3.4938775510204083
South America,2015-04-26,60674.85109775,311,23.175498373215433,0.5530546623794212,3.392282958199357
South America,2015-05-03,59076.94112769,313,16.01776355269968,0.5175718849840255,3.731629392971246
South America,2015-05-10,72621.11129422,369,26.679647704338752,0.5691056910569106,3.5772357723577235
South America,2015-05-17,56937.28103514,281,14.971281573743772,0.604982206405694,3.4412811387900355
South America,2015-05-24,68664.43136275,347,20.385936878446685,0.5244956772334294,3.175792507204611
South America,2015-05-31,170393.91338343,862,25.127471133491877,0.4953596287703016,3.6322505800464038
South America,2017-01-22,40274.53079443,205,29.916487873643902,0.5951219512195122,3.4
South America,2017-01-29,60593.301109629996,304,15.308322518407893,0.5921052631578947,3.549342105263158
South America,2017-02-05,67382.28118956,346,26.39115614287283,0.5549132947976878,3.73121387283237
South America,2017-02-12,74673.80139061,356,21.401797736573034,0.5533707865168539,3.4634831460674156
South America,2017-02-19,81138.921454211,405,16.449851856723456,0.5160493827160494,3.22962962962963
South America,2017-02-26,51820.88087905,280,26.232892907446427,0.5214285714285715,3.6535714285714285
South America,2017-03-05,81237.75163334,423,26.687304867477543,0.5460992907801419,3.2884160756501184
South America,2017-03-12,66066.97117337,346,20.911705097508673,0.5144508670520231,3.7167630057803467
South America,2017-03-19,59152.60112643,301,17.448970027019932,0.6710963455149501,3.2524916943521593
South America,2017-03-26,54124.04114952,271,24.668634869793358,0.6383763837638377,3.3505535055350553
South America,2017-04-02,51945.11100105,268,18.067089894190296,0.458955223880597,3.5858208955223883
South America,2017-04-09,60767.811306999996,319,31.756144122677114,0.5705329153605015,3.166144200626959
South America,2017-04-16,60670.74118079,311,22.836655997858518,0.5016077170418006,3.4437299035369775
South America,2017-04-23,58239.35122364,296,27.045439261402027,0.5033783783783784,3.679054054054054
South America,2017-04-30,51707.811069459996,260,25.568269224126922,0.5076923076923077,3.6423076923076922
South America,2017-05-07,48428.86100456,221,19.954705530904977,0.4660633484162896,3.081447963800905
South America,2017-05-14,75353.01154084,355,10.103408435656338,0.4591549295774648,3.4873239436619716
South America,2017-05-21,55016.1211208,284,24.576021194573944,0.5845070422535211,3.563380281690141
South America,2017-05-28,80327.62177072,370,24.602621533018915,0.5783783783783784,3.4783783783783786
South America,2017-06-04,59597.72109334,300,27.158800032756666,0.53,3.3366666666666664
South America,2017-06-11,74262.9614727,362,24.91301107066022,0.5193370165745856,3.5331491712707184
South America,2017-06-18,160962.28332316,747,22.93953164588621,0.570281124497992,3.6211512717536816
South Asia,2015-10-25,6927.28014389,32,-1.4693754439062472,0.59375,3.625
South Asia,2015-11-01,42620.88076053,217,22.87746557751152,0.5207373271889401,3.6451612903225805
South Asia,2015-11-08,56167.62126439,273,9.1312817780989,0.5457875457875457,3.4945054945054945
South Asia,2015-11-15,38201.520825101,191,16.108324727528792,0.5287958115183246,3.586387434554974
South Asia,2015-11-22,43795.37094166,237,7.8725315511772145,0.6962025316455697,3.2320675105485233
South Asia,2015-11-29,44629.7907965,221,27.43977370145249,0.502262443438914,3.4072398190045248
South Asia,2015-12-06,40031.2007719,201,19.78761232983582,0.6567164179104478,3.3681592039800994
South Asia,2015-12-13,54516.6410453,282,22.110815517230495,0.6134751773049646,3.5673758865248226
South Asia,2015-12-20,56279.95109008,290,18.63520680347931,0.5586206896551724,3.4827586206896552
South Asia,2015-12-27,51872.56112123,252,31.27432530690476,0.4880952380952381,3.7857142857142856
South Asia,2016-01-03,45197.59082651,253,21.181857706134387,0.5889328063241107,3.280632411067194
South Asia,2016-01-10,50513.20109209,259,29.065096783953667,0.6177606177606177,3.3204633204633205
South Asia,2016-01-17,61290.461308339996,312,17.744134446621796,0.47435897435897434,3.5096153846153846
South Asia,2016-01-24,49959.411033811,271,20.98523991891144,0.5867158671586716,3.3468634686346865
South Asia,2016-01-31,38086.41071766,199,16.894824096673368,0.5577889447236181,3.663316582914573
South Asia,2016-02-07,50836.040958981,252,21.97678582163492,0.5674603174603174,3.369047619047619
South Asia,2016-02-14,53849.21103916,275,23.898872885069093,0.5709090909090909,3.650909090909091
South Asia,2016-02-21,54324.57100315,268,11.07134348255597,0.5149253731343284,3.458955223880597
South Asia,2016-02-28,57882.22107154,294,15.07139470379932,0.5034013605442177,3.401360544217687
South Asia,2016-03-06,53714.861099401,260,21.038884681284614,0.5461538461538461,3.2
South Asia,2016-03-13,34947.27076413,175,17.05005710317143,0.7485714285714286,3.5028571428571427
South Asia,2016-03-20,28262.69051574,138,26.960434949905796,0.6666666666666666,4.0144927536231885
South Asia,2016-08-28,6389.21012488,33,-27.783029327242424,0.696969696969697,3.0606060606060606
South Asia,2016-09-04,14446.23032788,73,29.779999795068495,0.4383561643835616,3.410958904109589
South Asia,2016-09-11,17146.12031383,90,36.43311121495555,0.5777777777777777,3.422222222222222
South Asia,2016-09-18,12194.84025586,58,16.43275886975862,0.6724137931034483,4.275862068965517
South Asia,2016-09-25,8852.92015649,49,25.422652440204082,0.6122448979591837,3.693877551020408
South Asia,2016-10-02,10918.56020722,61,4.40885237447541,0.5573770491803278,3.5245901639344264
South Asia,2016-10-09,22465.94046462,118,23.119068205237287,0.4322033898305085,2.940677966101695
South Asia,2016-10-16,15777.86025242,84,26.737976111285715,0.5476190476190477,3.5714285714285716
South Asia,2016-10-23,19647.51038354,107,31.277009370607477,0.4766355140186916,3.5794392523364484
South Asia,2016-10-30,12087.5502854,64,40.56953127885937,0.703125,4.0
South Asia,2016-11-06,11546.79022604,55,45.251090790490906,0.509090909090909,4.1454545454545455
South Asia,2016-11-13,14461.36035162,73,22.715753495273972,0.5205479452054794,3.6164383561643834
South Asia,2016-11-20,19764.73045748,93,21.53720404443011,0.7204301075268817,3.7419354838709675
South Asia,2016-11-27,12694.51025034,63,34.6673010583492,0.6825396825396826,3.9047619047619047
South Asia,2016-12-04,9503.74017149,54,-25.78999998938889,0.5185185185185185,3.685185185185185
South Asia,2016-12-11,9008.95018593,49,24.288571376387758,0.5714285714285714,3.8979591836734695
South Asia,2016-12-18,10519.59013354,53,33.14037752213208,0.49056603773584906,3.3207547169811322
South Asia,2016-12-25,7003.2901117,36,25.51638888019444,0.6111111111111112,4.305555555555555
South Asia,2017-01-01,18796.98040406,91,32.88483545662638,0.38461538461538464,3.5274725274725274
South Asia,2017-01-08,19077.970352281,88,29.149999984329543,0.4772727272727273,3.375
South Asia,2017-01-15,7945.0301667,41,1.8595124351463421,0.4878048780487805,2.975609756097561
South Asia,2017-01-22,5619.47011375,27,20.33185207707407,0.6296296296296297,4.148148148148148
South Asia,2017-11-12,3616.3601077999997,22,6.830000336636362,0.45454545454545453,3.3181818181818183
South Asia,2017-11-19,36589.941162099996,75,84.88026632084,0.6,3.5733333333333333
South Asia,2017-11-26,29944.1904581,117,26.07538456586325,0.5470085470085471,3.4786324786324787
South Asia,2017-12-03,13351.04987357,68,36.94897084167647,0.5735294117647058,3.588235294117647
South Asia,2017-12-10,7585.38999836,104,8.021923100192307,0.6057692307692307,3.6826923076923075
South Asia,2017-12-17,12595.38040217,81,13.898888497209878,0.5555555555555556,3.259259259259259
South Asia,2017-12-24,32057.02019485,75,31.73186681429333,0.5866666666666667,3.52
South Asia,2017-12-31,40054.720949,114,48.627894336684214,0.543859649122807,3.4210526315789473
South Asia,2018-01-07,33578.28047867,113,27.106283106380527,0.5929203539823009,3.3628318584070795
South Asia,2018-01-14,19567.76004228,94,21.646170229989362,0.5425531914893617,3.4361702127659575
South Asia,2018-01-21,3309.499999,101,3.636831630504951,0.5346534653465347,3.5247524752475248
South Asia,2018-01-28,10864.4102774,105,18.6094285508,0.5333333333333333,3.5238095238095237
South Asia,2018-02-04,10791.000365,50,6.8286001472599995,0.54,3.86
South of  USA ,2016-04-03,10213.85012269,52,16.084615565711537,0.7115384615384616,3.5384615384615383
South of  USA ,2016-04-10,26375.170548,123,32.7581301448374,0.4715447154471545,3.203252032520325
South of  USA ,2016-04-17,34368.03070669,181,23.82657461883978,0.5027624309392266,3.701657458563536
South of  USA ,2016-04-24,48577.10092564,244,33.129467231643446,0.44672131147540983,3.1065573770491803
South of  USA ,2016-05-01,23005.19047175,126,25.730237990777777,0.5793650793650794,3.253968253968254
South of  USA ,2016-05-08,35470.7807033,185,26.46762173127027,0.518918918918919,3.1675675675675676
South of  USA ,2016-05-15,46945.72097232,245,26.170693710204084,0.4816326530612245,3.36734693877551
South of  USA ,2016-05-22,37621.09073101,186,29.33032253055914,0.44086021505376344,3.053763440860215
South of  USA ,2016-05-29,44993.34091203,239,23.112929003284517,0.6652719665271967,3.6652719665271967
South of  USA ,2016-06-05,45921.81100094,221,23.606380168782803,0.6425339366515838,3.2805429864253393
South of  USA ,2016-06-12,32876.09061084,169,17.52378699056213,0.5207100591715976,3.757396449704142
South of  USA ,2016-06-19,29167.38055851,164,24.00774397814634,0.6280487804878049,4.012195121951219
South of  USA ,2016-06-26,32132.64069386,175,12.047085180234285,0.5885714285714285,3.4
South of  USA ,2016-07-03,32707.04054079,165,12.607333086303031,0.6242424242424243,3.8484848484848486
South of  USA ,2016-07-10,47027.12095098,240,27.207541494833333,0.6,3.466666666666667
South of  USA ,2016-07-17,47356.61101571,236,23.13762697410593,0.5720338983050848,3.809322033898305
South of  USA ,2016-07-24,39647.80074581,203,20.760147982980293,0.5615763546798029,3.2413793103448274
South of  USA ,2016-07-31,46502.35099051,242,8.554710785520662,0.640495867768595,3.7644628099173554
South of  USA ,2016-08-07,36925.38063054,202,24.11425736468317,0.46534653465346537,3.6930693069306932
South of  USA ,2016-08-14,43890.0708965,236,8.745677924788135,0.576271186440678,3.6271186440677967
South of  USA ,2016-08-21,25497.090507599998,122,19.30803295420492,0.5491803278688525,3.2295081967213113
South of  USA ,2016-08-28,18562.28042431,89,16.331797872235953,0.550561797752809,3.5168539325842696
Southeast Asia,2015-10-25,19092.70041865,103,30.267961475291262,0.6213592233009708,3.3009708737864076
Southeast Asia,2015-11-01,68456.60136701,332,20.924578379521083,0.536144578313253,3.460843373493976
Southeast Asia,2015-11-08,69741.20150454,341,25.448122950272726,0.6686217008797654,3.4574780058651027
Southeast Asia,2015-11-15,70980.28143741,371,20.350000021043126,0.5094339622641509,3.7951482479784366
Southeast Asia,2015-11-22,93055.93177713,464,17.901832093159484,0.5581896551724138,3.4504310344827585
Southeast Asia,2015-11-29,76651.55151794999,401,18.772668374009974,0.5910224438902744,3.6134663341645887
Southeast Asia,2015-12-06,84951.70182147,435,21.780873359034484,0.5333333333333333,3.232183908045977
Southeast Asia,2015-12-13,67681.70115539,342,22.03222201488304,0.5350877192982456,3.3859649122807016
Southeast Asia,2015-12-20,68586.79131374,338,16.892514657097635,0.47928994082840237,3.198224852071006
Southeast Asia,2015-12-27,63263.1811984,326,18.11361960480368,0.558282208588957,3.6993865030674846
Southeast Asia,2016-01-03,88566.27174718,453,19.769094775384108,0.5783664459161147,3.54083885209713
Southeast Asia,2016-01-10,65126.65124219,334,34.128952278248505,0.5688622754491018,3.2904191616766467
Southeast Asia,2016-01-17,74542.25148435,359,17.624401042860725,0.5821727019498607,3.6880222841225625
Southeast Asia,2016-01-24,83660.27164596,415,21.55893970432048,0.6168674698795181,3.819277108433735
Southeast Asia,2016-01-31,74705.2114055,393,13.556513976603053,0.5292620865139949,3.5267175572519083
Southeast Asia,2016-02-07,65805.09138238,333,18.188198223951954,0.6036036036036037,3.774774774774775
Southeast Asia,2016-02-14,53669.68092738,282,17.08737608630851,0.5177304964539007,3.326241134751773
Southeast Asia,2016-02-21,78641.93154806,390,11.035487167405128,0.5871794871794872,3.541025641025641
Southeast Asia,2016-02-28,62404.89132786,307,23.6753421140228,0.4788273615635179,3.6938110749185666
Southeast Asia,2016-03-06,79959.55154492099,423,25.92054361070922,0.5295508274231678,3.141843971631206
Southeast Asia,2016-03-13,94996.28186665999,482,14.130228129334023,0.549792531120332,3.296680497925311
Southeast Asia,2016-03-20,32247.32054735,158,31.06803783441772,0.43670886075949367,3.189873417721519
Southeast Asia,2016-04-03,1389.88002396,8,43.25625074,0.5,4.0
Southeast Asia,2017-11-12,7890.240235199999,48,9.952917013208333,0.4583333333333333,3.7916666666666665
Southeast Asia,2017-11-19,62910.5419919,133,84.23669208537595,0.518796992481203,3.4135338345864663
Southeast Asia,2017-11-26,30548.580503,118,41.2572879994661,0.6101694915254238,3.4915254237288136
Southeast Asia,2017-12-03,29376.59981581,149,21.69778514289933,0.5637583892617449,3.442953020134228
Southeast Asia,2017-12-10,12057.42999632,173,10.699132952202312,0.5317919075144508,3.5028901734104045
Southeast Asia,2017-12-17,21301.870645249997,162,20.809814678746914,0.5925925925925926,3.6728395061728394
Southeast Asia,2017-12-24,86610.13060793,177,71.55892648663841,0.5310734463276836,3.463276836158192
Southeast Asia,2017-12-31,48134.0211203,139,44.26179835811511,0.5683453237410072,3.683453237410072
Southeast Asia,2018-01-07,39397.60066122,148,21.263986481378378,0.5675675675675675,3.4121621621621623
Southeast Asia,2018-01-14,18505.57005988,118,12.460424181262711,0.5677966101694916,3.5677966101694913
Southeast Asia,2018-01-21,4936.66999708,176,1.327386351806818,0.5227272727272727,3.6420454545454546
Southeast Asia,2018-01-28,16986.8704818,135,23.854962801385184,0.5925925925925926,3.585185185185185
Southeast Asia,2018-02-04,15662.510518259998,73,31.009725819356166,0.5753424657534246,3.808219178082192
Southern Africa,2016-08-28,11491.74024612,56,24.657678621107145,0.375,3.5535714285714284
Southern Africa,2016-09-04,20675.65043269,105,27.93714306790476,0.45714285714285713,3.5047619047619047
Southern Africa,2016-09-11,7621.15016751,39,23.22333391630769,0.46153846153846156,2.2564102564102564
Southern Africa,2016-09-18,4925.3600999,21,28.502857117190473,0.8571428571428571,4.9523809523809526
Southern Africa,2016-09-25,16198.11036322,82,35.81426847120731,0.35365853658536583,3.182926829268293
Southern Africa,2016-10-02,11067.58025553,58,39.4150001545862,0.5517241379310345,3.6724137931034484
Southern Africa,2016-10-09,10587.53015128,53,17.76943358801887,0.22641509433962265,3.188679245283019
Southern Africa,2016-10-16,16301.0503085,83,28.526626412481924,0.7108433734939759,3.674698795180723
Southern Africa,2016-10-23,6479.24011248,28,26.27678680392857,0.35714285714285715,3.642857142857143
Southern Africa,2016-10-30,6082.44011322,33,38.50848478439394,0.42424242424242425,3.515151515151515
Southern Africa,2016-11-06,11793.90022505,54,10.39833309124074,0.6481481481481481,3.7222222222222223
Southern Africa,2016-11-13,10535.65022294,55,34.89563668578182,0.5272727272727272,2.909090909090909
Southern Africa,2016-11-20,10385.83019085,53,5.974717004905661,0.49056603773584906,4.245283018867925
Southern Africa,2016-11-27,13307.6502494,64,37.70656258146875,0.5625,4.1875
Southern Africa,2016-12-04,2279.8500328,12,-5.267499392583335,0.3333333333333333,2.6666666666666665
Southern Africa,2016-12-11,3094.61004254,15,27.573334379333332,0.6,2.8
Southern Africa,2016-12-18,18527.79032689,100,31.79390003307,0.61,3.69
Southern Africa,2016-12-25,15477.3003885,81,18.37925935354321,0.7160493827160493,2.8518518518518516
Southern Africa,2017-01-01,12450.51023692,58,35.867931445844825,0.7068965517241379,3.810344827586207
Southern Africa,2017-01-08,9674.7601547,56,12.027857302285712,0.6071428571428571,2.625
Southern Africa,2017-01-15,6514.2101307,39,23.611794865846154,0.48717948717948717,3.0
Southern Africa,2017-01-22,2779.68005378,12,47.064999740833336,0.3333333333333333,4.166666666666667
Southern Europe,2015-05-31,2346.73004725,14,35.43071454221429,0.7142857142857143,3.5714285714285716
Southern Europe,2015-06-07,44959.2208788,232,22.653362084288794,0.4870689655172414,3.6594827586206895
Southern Europe,2015-06-14,55869.20116313,272,28.569191327360297,0.5183823529411765,3.5220588235294117
Southern Europe,2015-06-21,46979.69091675,243,27.422921704119343,0.3950617283950617,3.654320987654321
Southern Europe,2015-06-28,39864.6707998,191,28.829843170146596,0.518324607329843,3.4083769633507854
Southern Europe,2015-07-05,56788.23122669,284,17.709788665552818,0.40492957746478875,3.5
Southern Europe,2015-07-12,59807.92125199,303,32.823003402250826,0.6468646864686468,3.1881188118811883
Southern Europe,2015-07-19,57783.07106632,302,14.367880444754968,0.5397350993377483,3.466887417218543
Southern Europe,2015-07-26,44770.850920259996,234,16.901837606064102,0.7136752136752137,3.547008547008547
Southern Europe,2015-08-02,36703.24053755,204,19.122745245960786,0.5637254901960784,3.3480392156862746
Southern Europe,2015-08-09,38854.26071212,224,24.674419544915178,0.5267857142857143,3.1964285714285716
Southern Europe,2015-08-16,34672.67075394,176,37.41232965608523,0.5,3.3238636363636362
Southern Europe,2015-08-23,47459.62088005,243,28.5660081387572,0.4609053497942387,3.3333333333333335
Southern Europe,2015-08-30,47357.27098725,246,26.621544966304878,0.45121951219512196,3.4878048780487805
Southern Europe,2015-09-06,46776.8909597,229,30.343755481873362,0.4759825327510917,3.532751091703057
Southern Europe,2015-09-13,50845.08106071,264,20.190719671420457,0.5113636363636364,3.4696969696969697
Southern Europe,2015-09-20,40332.570761689996,209,28.62311018372727,0.631578947368421,3.660287081339713
Southern Europe,2015-09-27,62585.801245190996,316,24.387499946604432,0.629746835443038,3.509493670886076
Southern Europe,2015-10-04,40919.33081118,206,20.483252329776697,0.49514563106796117,3.5533980582524274
Southern Europe,2015-10-11,45464.43087436,239,20.977029007610877,0.5899581589958159,3.083682008368201
Southern Europe,2015-10-18,57353.14111419,298,11.753389120010066,0.6006711409395973,3.402684563758389
Southern Europe,2015-10-25,24763.41041596,119,26.151512692168065,0.5714285714285714,3.26890756302521
Southern Europe,2016-08-28,419.95000455999997,3,37.24333381666667,1.0,5.0
Southern Europe,2016-09-04,879.9100266,4,-115.84249997,1.0,5.0
Southern Europe,2016-09-11,1989.7800293,9,21.815556258555556,0.5555555555555556,3.6666666666666665
Southern Europe,2016-09-18,2624.77006916,12,48.19000013841667,1.0,2.0
Southern Europe,2016-09-25,2119.74002074,9,61.00999964911111,1.0,2.0
Southern Europe,2016-10-02,2559.69005581,12,76.99916522,0.75,3.25
Southern Europe,2016-10-09,1049.9400177,4,21.3175010775,0.0,4.0
Southern Europe,2016-10-16,3459.73006832,15,5.153999328666667,0.8,4.066666666666666
Southern Europe,2016-10-23,1136.82000742,8,25.926249322375,0.5,2.375
Southern Europe,2016-10-30,1069.9200059,4,100.1374978975,1.0,2.0
Southern Europe,2016-11-06,824.84999084,6,47.931665338166674,0.16666666666666666,3.1666666666666665
Southern Europe,2016-11-13,2114.81005484,12,6.727499330916665,0.5833333333333334,4.25
Southern Europe,2016-11-20,1199.8500214,5,84.3120004672,0.0,1.2
Southern Europe,2016-11-27,2964.61006168,16,10.2737504970625,0.4375,3.125
Southern Europe,2016-12-04,2909.7500763,11,61.096364453636355,0.0,2.909090909090909
Southern Europe,2016-12-11,2594.74002456,15,-8.964666241333333,0.8,4.0
Southern Europe,2016-12-25,2705.60005198,13,46.933077668461536,0.15384615384615385,1.7692307692307692
Southern Europe,2017-01-08,1229.9100342,4,58.8174991525,0.25,3.5
Southern Europe,2017-01-15,4329.69008646,21,25.336666473238097,0.8095238095238095,3.3333333333333335
Southern Europe,2017-01-22,1329.9000245,8,-99.41250270725,0.75,3.0
Southern Europe,2017-06-18,3257.57005694,18,43.96611128722222,0.7777777777777778,3.4444444444444446
Southern Europe,2017-06-25,41476.75088168,201,20.328109617447762,0.4626865671641791,3.6318407960199006
Southern Europe,2017-07-02,46487.3709,226,18.282964572154867,0.6902654867256637,3.898230088495575
Southern Europe,2017-07-09,54854.34105702,269,18.812305157672863,0.6059479553903345,3.5018587360594795
Southern Europe,2017-07-16,43839.90077694,200,29.582349939405,0.62,3.48
Southern Europe,2017-07-23,56243.99110098,266,11.630225338082706,0.5263157894736842,3.3646616541353382
Southern Europe,2017-07-30,64945.1811687,305,21.712851997554097,0.5409836065573771,3.4524590163934428
Southern Europe,2017-08-06,60359.83119674,295,23.845084771938982,0.5389830508474577,3.542372881355932
Southern Europe,2017-08-13,45772.12088486,212,21.35575499831132,0.4481132075471698,3.2830188679245285
Southern Europe,2017-08-20,42169.70084386,211,16.48142154987204,0.6303317535545023,3.3838862559241707
Southern Europe,2017-08-27,46964.070900419996,222,22.437432521716214,0.481981981981982,3.6126126126126126
Southern Europe,2017-09-03,44072.82085092,214,28.91186912264486,0.616822429906542,3.2850467289719627
Southern Europe,2017-09-10,53598.64109485,251,20.89139438457769,0.4860557768924303,3.410358565737052
Southern Europe,2017-09-17,50614.7507558,224,16.982901967723215,0.5848214285714286,3.111607142857143
Southern Europe,2017-09-24,53204.52062214,235,21.272680576646806,0.5829787234042553,3.157446808510638
Southern Europe,2017-10-01,64813.6909333,278,26.742841852622302,0.5071942446043165,3.3633093525179856
Southern Europe,2017-10-08,6008.4400506,90,16.25600001128889,0.4666666666666667,3.566666666666667
Southern Europe,2017-10-15,35948.25067066,100,41.481300319009996,0.63,3.48
Southern Europe,2017-10-22,38698.460691399996,98,36.28734697195918,0.41836734693877553,3.5510204081632653
Southern Europe,2017-10-29,94426.6002806,98,84.98071403778572,0.47959183673469385,3.4693877551020407
Southern Europe,2017-11-05,59442.7205826,115,83.73921767682609,0.5304347826086957,3.4260869565217393
Southern Europe,2017-11-12,17947.820466099998,64,20.180156472500002,0.609375,3.828125
US Center ,2016-04-03,19349.10036488,106,24.83801896189623,0.49056603773584906,3.207547169811321
US Center ,2016-04-10,59947.06123248,298,21.406040170855704,0.4966442953020134,3.620805369127517
US Center ,2016-04-17,51919.281099861,272,30.206691075033092,0.5477941176470589,3.3419117647058822
US Center ,2016-04-24,49706.86096781,249,19.22622475665462,0.6024096385542169,3.7710843373493974
US Center ,2016-05-01,59055.85124079,304,20.09615118649342,0.6217105263157895,3.414473684210526
US Center ,2016-05-08,42513.1507862,215,16.40600002532093,0.3627906976744186,3.525581395348837
US Center ,2016-05-15,44997.98090612,233,16.370471943523604,0.6180257510729614,3.5278969957081543
US Center ,2016-05-22,66866.67133822,339,10.202596056442479,0.5545722713864307,3.4601769911504423
US Center ,2016-05-29,49448.1010045,273,16.012564103538462,0.5787545787545788,3.468864468864469
US Center ,2016-06-05,69505.71146821,364,26.061044014664837,0.6730769230769231,3.447802197802198
US Center ,2016-06-12,53881.04107702,266,31.604435902154137,0.556390977443609,3.6503759398496243
US Center ,2016-06-19,65513.19113829,319,26.464702089677115,0.6018808777429467,3.6677115987460813
US Center ,2016-06-26,50917.151089189996,255,27.01529412429412,0.48627450980392156,3.3568627450980393
US Center ,2016-07-03,50887.841122051,261,18.51731803518774,0.39846743295019155,3.4942528735632186
US Center ,2016-07-10,54631.77110549,279,24.04301079823656,0.5591397849462365,3.5340501792114694
US Center ,2016-07-17,48749.14093094,239,28.268535438188284,0.5062761506276151,3.3765690376569037
US Center ,2016-07-24,49940.20093202,236,26.77427974393644,0.5466101694915254,3.385593220338983
US Center ,2016-07-31,54098.101130099996,285,30.385473752554383,0.45964912280701753,3.101754385964912
US Center ,2016-08-07,57235.71116517,295,22.28627137157288,0.6644067796610169,3.247457627118644
US Center ,2016-08-14,56006.431082151,301,12.658803557242527,0.5348837209302325,3.4451827242524917
US Center ,2016-08-21,63958.42146925,328,20.56841483012805,0.5670731707317073,3.5396341463414633
US Center ,2016-08-28,32227.00067765,170,24.510470629164704,0.6058823529411764,3.2588235294117647
West Africa,2016-08-28,8896.12015912,45,25.673111193399997,0.6,3.8444444444444446
West Africa,2016-09-04,28054.95054099,146,17.053630064773973,0.5958904109589042,3.410958904109589
West Africa,2016-09-11,27124.810568251,147,31.53687069323129,0.5714285714285714,3.54421768707483
West Africa,2016-09-18,41400.99083174,210,31.208333401042857,0.49047619047619045,3.5285714285714285
West Africa,2016-09-25,49996.231026520996,250,36.361639873464,0.528,3.504
West Africa,2016-10-02,43915.97078615,227,32.128502017352425,0.4889867841409692,3.515418502202643
West Africa,2016-10-09,28163.51046962,153,10.915164088980392,0.48366013071895425,3.1241830065359477
West Africa,2016-10-16,30095.44053684,141,31.38638311637589,0.5886524822695035,3.3049645390070923
West Africa,2016-10-23,29298.27060322,159,29.54150949101258,0.5031446540880503,3.069182389937107
West Africa,2016-10-30,46661.93093189,244,16.7472128922418,0.5860655737704918,3.5942622950819674
West Africa,2016-11-06,24663.17053224,124,16.44846758166129,0.5080645161290323,2.903225806451613
West Africa,2016-11-13,31642.31071717,157,9.106751934286624,0.5031847133757962,3.6369426751592355
West Africa,2016-11-20,27788.45050249,146,17.797603115287668,0.6027397260273972,3.4315068493150687
West Africa,2016-11-27,47048.88103176,211,15.278104418061611,0.4928909952606635,3.2606635071090047
West Africa,2016-12-04,27979.67063136,144,22.218610785395832,0.4097222222222222,3.9097222222222223
West Africa,2016-12-11,35045.17069318,166,2.8084337212469883,0.4036144578313253,3.5903614457831323
West Africa,2016-12-18,42341.910818391,219,16.410775964726028,0.6164383561643836,3.894977168949772
West Africa,2016-12-25,43779.94076041,221,22.410135631262445,0.6380090497737556,4.04524886877828
West Africa,2017-01-01,32632.55064055,166,7.341265123283132,0.6204819277108434,3.789156626506024
West Africa,2017-01-08,28818.30049714,155,25.068064629341936,0.4064516129032258,3.470967741935484
West Africa,2017-01-15,40455.06075143,206,25.651359410101943,0.5194174757281553,3.6116504854368934
West Africa,2017-01-22,12147.55020154,59,34.590169094949154,0.3389830508474576,3.542372881355932
West Asia,2016-08-28,35134.65077241,192,16.815000309260416,0.5885416666666666,3.6145833333333335
West Asia,2016-09-04,54925.72114797,284,4.44510558956338,0.6161971830985915,3.454225352112676
West Asia,2016-09-11,48403.36100644,254,20.419685033295274,0.5787401574803149,3.606299212598425
West Asia,2016-09-18,57768.05106954,300,25.123433287479997,0.48,3.4266666666666667
West Asia,2016-09-25,43892.44085139,218,24.944449645499997,0.5825688073394495,3.481651376146789
West Asia,2016-10-02,54483.860949501,275,19.71516377757818,0.6036363636363636,3.5454545454545454
West Asia,2016-10-09,55935.851221691,278,23.566438689420863,0.5719424460431655,3.3920863309352516
West Asia,2016-10-16,57941.88113313,308,12.73499968949026,0.5941558441558441,3.5454545454545454
West Asia,2016-10-23,49417.96097424,257,21.940000304474708,0.642023346303502,3.5486381322957197
West Asia,2016-10-30,71554.3114264,368,25.768912923013584,0.5434782608695652,3.4809782608695654
West Asia,2016-11-06,47476.13101807,236,5.770762894080509,0.5127118644067796,3.305084745762712
West Asia,2016-11-13,53610.22115024,272,27.85025743772794,0.5367647058823529,3.5073529411764706
West Asia,2016-11-20,40402.06084096,210,19.359952389533333,0.5047619047619047,3.6857142857142855
West Asia,2016-11-27,62935.251230571,334,27.373891971176647,0.5299401197604791,3.6526946107784433
West Asia,2016-12-04,50524.85112636,246,30.17999993380488,0.47560975609756095,3.3739837398373984
West Asia,2016-12-11,58707.96127578,301,29.26189368236213,0.5980066445182725,3.5880398671096345
West Asia,2016-12-18,48919.121006,257,12.762762511070038,0.5019455252918288,3.6731517509727625
West Asia,2016-12-25,67826.69116247,344,11.472587341811046,0.5232558139534884,2.880813953488372
West Asia,2017-01-01,65005.771269979996,318,14.644937061500002,0.5188679245283019,3.2672955974842766
West Asia,2017-01-08,59225.51127301,297,19.018148171676767,0.5723905723905723,3.696969696969697
West Asia,2017-01-15,57356.611166311,294,18.22357168197279,0.5136054421768708,3.3877551020408165
West Asia,2017-01-22,33223.51057644,166,23.363735022168676,0.608433734939759,4.006024096385542
West of USA ,2016-04-03,22332.5204451,110,38.980182272572726,0.4909090909090909,3.609090909090909
West of USA ,2016-04-10,74456.39162334,378,16.467010830388887,0.5,3.6084656084656084
West of USA ,2016-04-17,68998.20136141,356,29.82634829121629,0.598314606741573,3.643258426966292
West of USA ,2016-04-24,72784.61129618,380,16.545657910989473,0.5236842105263158,3.7394736842105263
West of USA ,2016-05-01,66404.99118272,342,20.98134490431579,0.6023391812865497,3.4415204678362574
West of USA ,2016-05-08,81633.551711072,402,18.562462819360697,0.554726368159204,3.5398009950248754
West of USA ,2016-05-15,92227.971974381,469,21.95565039720469,0.488272921108742,3.2452025586353943
West of USA ,2016-05-22,71398.12140912,364,24.491758362854394,0.5796703296703297,3.60989010989011
West of USA ,2016-05-29,68184.62133117,338,19.94147906281657,0.5621301775147929,3.8076923076923075
West of USA ,2016-06-05,69196.37138426,361,11.450692653916898,0.5429362880886427,3.293628808864266
West of USA ,2016-06-12,80619.13158551,425,18.372094333868233,0.64,3.4870588235294115
West of USA ,2016-06-19,78977.48169227,378,22.016984094703705,0.47354497354497355,3.6296296296296298
West of USA ,2016-06-26,89182.84182094,453,21.413289089439292,0.5187637969094923,3.6048565121412803
West of USA ,2016-07-03,79903.30158695,411,11.375766516223845,0.5644768856447688,3.5839416058394162
West of USA ,2016-07-10,66481.96129103,337,24.8438280307181,0.5934718100890207,3.4540059347181007
West of USA ,2016-07-17,79934.60169637,411,21.506155820343064,0.45255474452554745,3.238442822384428
West of USA ,2016-07-24,83646.19171415,422,22.9703318980782,0.44075829383886256,3.3886255924170614
West of USA ,2016-07-31,73828.63139429,388,18.36845355404897,0.6005154639175257,3.4329896907216493
West of USA ,2016-08-07,65337.661194219996,309,21.770970940236246,0.598705501618123,3.540453074433657
West of USA ,2016-08-14,70295.19146776,375,22.177146649661335,0.47733333333333333,3.8213333333333335
West of USA ,2016-08-21,77723.13153581,394,18.722208359921318,0.550761421319797,3.0913705583756346
West of USA ,2016-08-28,37868.480684731,190,30.740315470215787,0.5210526315789473,3.4842105263157896
Western Europe,2015-05-31,13521.25026736,72,14.381388653736114,0.625,3.9027777777777777
Western Europe,2015-06-07,152180.142863451,763,21.98304065363565,0.6212319790301442,3.600262123197903
Western Europe,2015-06-14,136252.052665281,680,21.706691249214703,0.5455882352941176,3.5
Western Europe,2015-06-21,135985.07251459,673,16.219108563897475,0.563150074294205,3.62407132243685
Western Europe,2015-06-28,153315.10302814,779,13.76145061575353,0.5340179717586649,3.3209242618741976
Western Europe,2015-07-05,138840.242602601,676,25.37782540089201,0.6035502958579881,3.6301775147928996
Western Europe,2015-07-12,134459.822642612,679,16.964860231176733,0.5964653902798233,3.556701030927835
Western Europe,2015-07-19,117868.6422248,623,27.14130014081541,0.6003210272873194,3.765650080256822
Western Europe,2015-07-26,131922.84257042,694,19.40384724995821,0.5057636887608069,3.1729106628242074
Western Europe,2015-08-02,134854.40261985,681,23.915359793051394,0.49045521292217326,3.541850220264317
Western Europe,2015-08-09,143269.96289362,743,22.05815625547914,0.6123822341857336,3.7052489905787347
Western Europe,2015-08-16,132872.1625626,685,26.535518117840876,0.5678832116788322,3.4160583941605838
Western Europe,2015-08-23,133689.312781911,682,17.888797809895895,0.5850439882697948,3.472140762463343
Western Europe,2015-08-30,130590.90264397999,671,15.954143141312965,0.5394932935916542,3.6035767511177346
Western Europe,2015-09-06,160203.52318506,787,25.808081237165183,0.567979669631512,3.48284625158831
Western Europe,2015-09-13,135320.48273576,699,23.75264680299571,0.5493562231759657,3.6409155937052935
Western Europe,2015-09-20,142042.302622691,731,19.9855540177565,0.5649794801641587,3.4213406292749657
Western Europe,2015-09-27,135971.48274164,674,16.182967408130562,0.5979228486646885,3.4896142433234423
Western Europe,2015-10-04,144681.77289964,730,13.744000085442465,0.5178082191780822,3.5452054794520547
Western Europe,2015-10-11,139842.20276891,696,18.184324707834772,0.5158045977011494,3.2801724137931036
Western Europe,2015-10-18,132540.66257108,664,13.183885463524096,0.6144578313253012,3.5120481927710845
Western Europe,2015-10-25,98938.24188494,514,33.39622555693774,0.5233463035019456,3.517509727626459
Western Europe,2016-09-04,2774.61007314,15,13.97866624333333,0.5333333333333333,3.6666666666666665
Western Europe,2016-09-11,2449.77002718,9,14.128889562222222,0.8888888888888888,3.0
Western Europe,2016-09-18,319.9700089,2,36.05500031,1.0,3.0
Western Europe,2016-09-25,789.8800201,3,93.4600029,0.6666666666666666,2.0
Western Europe,2016-10-02,529.9100037000001,3,45.58666737666667,1.0,2.0
Western Europe,2016-10-09,1849.7500382,8,47.998750335,0.0,3.0
Western Europe,2016-10-16,1809.8700409,7,71.99285697771428,0.5714285714285714,4.571428571428571
Western Europe,2016-10-23,1401.91003231,8,29.407499551249998,0.0,2.375
Western Europe,2016-10-30,1779.85002898,9,29.59444459133333,0.5555555555555556,2.888888888888889
Western Europe,2016-11-13,999.86002348,7,13.468571561142857,0.0,3.0
Western Europe,2016-11-20,3328.6500702,14,41.907856939357146,0.6428571428571429,4.857142857142857
Western Europe,2016-11-27,799.94001388,6,-8.569999177333331,0.5,4.5
Western Europe,2016-12-04,2373.84004978,13,17.38153765923077,0.46153846153846156,3.8461538461538463
Western Europe,2016-12-11,2809.5000534,18,30.344444645444444,0.2777777777777778,2.0555555555555554
Western Europe,2016-12-18,2773.66006088,16,20.39312444725,0.25,4.375
Western Europe,2016-12-25,979.73998266,4,25.267498975000002,0.0,3.0
Western Europe,2017-01-01,2769.7900696,12,24.016665932499993,1.0,4.0
Western Europe,2017-01-08,909.89002228,5,24.001999282000003,1.0,6.0
Western Europe,2017-01-15,549.9400101,3,38.89333216333333,0.0,4.0
Western Europe,2017-06-18,17296.31035262,86,24.81999996844186,0.5813953488372093,3.5232558139534884
Western Europe,2017-06-25,170614.72338326,789,25.4024462827782,0.5272496831432193,3.5209125475285172
Western Europe,2017-07-02,150236.01267822,725,19.123103382070347,0.5089655172413793,3.5144827586206895
Western Europe,2017-07-09,132756.22265057,652,24.37978517049233,0.647239263803681,3.26840490797546
Western Europe,2017-07-16,146562.6328643,737,19.952686620876527,0.5440976933514247,3.5169606512890095
Western Europe,2017-07-23,147643.54276977,703,23.159886258260315,0.5206258890469416,3.5206258890469417
Western Europe,2017-07-30,137478.00253876,666,22.942447535897898,0.524024024024024,3.2837837837837838
Western Europe,2017-08-06,125629.25233965,619,21.916187366752826,0.5751211631663974,3.5767366720516964
Western Europe,2017-08-13,150560.37296894,719,22.05984719844367,0.5563282336578581,3.388038942976356
Western Europe,2017-08-20,149921.50291672,722,23.1624238170554,0.5484764542936288,3.301939058171745
Western Europe,2017-08-27,163778.35321639,780,27.22928201833846,0.6282051282051282,3.832051282051282
Western Europe,2017-09-03,146590.52276351,698,31.34537253637106,0.5444126074498568,3.3567335243553007
Western Europe,2017-09-10,147175.00274858,695,22.315554000907916,0.5136690647482014,3.414388489208633
Western Europe,2017-09-17,153255.62222618,706,19.367152852168555,0.48441926345609065,3.3626062322946177
Western Europe,2017-09-24,161174.06224796,732,24.541939993647542,0.587431693989071,3.6748633879781423
Western Europe,2017-10-01,176844.96201198,714,27.213571602187677,0.5854341736694678,3.492997198879552
Western Europe,2017-10-08,26657.59015019,320,10.821718705634375,0.53125,3.509375
Western Europe,2017-10-15,107257.23200396,287,40.60432031903136,0.6341463414634146,3.3240418118466897
Western Europe,2017-10-22,104391.9618486,270,46.852110761966664,0.5259259259259259,3.551851851851852
Western Europe,2017-10-29,268780.1007991,279,73.70573417798566,0.5125448028673835,3.587813620071685
Western Europe,2017-11-05,148000.7613865,267,53.800075122662925,0.6179775280898876,3.6104868913857677
Western Europe,2017-11-12,50613.1013213,185,32.86481120316216,0.5243243243243243,3.562162162162162
